No.,認定法人名,左記法人と共に認定された法人名,共同申請保険者,"申請書に記載の本社所在地"
1,株式会社IHI,,IHIグループ健康保険組合,東京都
2,株式会社IHIインフラシステム,,IHIグループ健康保険組合,大阪府
3,株式会社IHIエスキューブ,,IHIグループ健康保険組合,東京都
4,株式会社IHI原動機,,IHIグループ健康保険組合,東京都
5,株式会社IHIプラント,,IHIグループ健康保険組合,東京都
6,愛三工業株式会社,,愛三工業健康保険組合,愛知県
7,アイシン精機株式会社,,アイシン健康保険組合,愛知県
8,社会医療法人愛生会,,愛知県医療健康保険組合,愛知県
9,株式会社愛知銀行,,愛知銀行健康保険組合,愛知県
10,愛知製鋼株式会社,,愛知製鋼健康保険組合,愛知県
11,会津オリンパス株式会社,,オリンパス健康保険組合,福島県
12,株式会社IDホールディングス,株式会社インフォメーション・ディベロプメント,安田日本興亜健康保険組合,東京都
13,株式会社アイネット,,神奈川県情報サービス産業健康保険組合,神奈川県
14,アクサ生命保険株式会社,,アクサ生命健康保険組合,東京都
15,曙ブレーキ工業株式会社,"株式会社曙アドバンスドエンジニアリング株式会社曙ブレーキ中央技術研究所曙ブレーキ岩槻製造株式会社曙ブレーキ福島製造株式会社曙ブレーキ山形製造株式会社株式会社アロックスあけぼの123株式会社株式会社アケボノキッズケア",曙ブレーキ工業健康保険組合,東京都
16,曙ブレーキ山陽製造株式会社,,全国健康保険協会岡山支部,岡山県
17,アサヒグループホールディングス株式会社,"アサヒビール株式会社アサヒ飲料株式会社アサヒグループ食品株式会社アサヒプロマネジメント株式会社",アサヒグループ健康保険組合,東京都
18,朝日生命保険相互会社,,朝日生命健康保険組合,東京都
19,株式会社アシックス,,東京実業健康保険組合,兵庫県
20,味の素株式会社,,味の素健康保険組合,東京都
21,味の素冷凍食品株式会社,,味の素健康保険組合,東京都
22,あすか製薬株式会社,,東京薬業健康保険組合,東京都
23,アズビル株式会社,,azbilグループ健康保険組合,東京都
24,株式会社アドバンテッジリスクマネジメント,株式会社ARM総合研究所,東京都情報サービス産業健康保険組合,東京都
25,株式会社穴吹工務店,,全国土木建築国民健康保険組合,香川県
26,アビームコンサルティング株式会社,,アビーム健康保険組合,東京都
27,アフラック生命保険株式会社,,アフラック健康保険組合,東京都
28,アマノ株式会社,,神奈川県鉄工業健康保険組合,神奈川県
29,天野エンザイム株式会社,,名古屋薬業健康保険組合,愛知県
30,株式会社あまの創健,,名古屋薬業健康保険組合,愛知県
31,株式会社アルバック,,アルバック健康保険組合,神奈川県
32,アルプス薬品工業株式会社,,全国健康保険協会岐阜支部,岐阜県
33,アンデン株式会社,,デンソー健康保険組合,愛知県
34,株式会社アンフィニ広島,,マツダ健康保険組合,広島県
35,アンリツ株式会社,,アンリツ健康保険組合,神奈川県
36,株式会社イーウェル,,東京西南私鉄連合健康保険組合,東京都
37,イオンフィナンシャルサービス株式会社,イオンクレジットサービス株式会社,イオン健康保険組合,東京都
38,株式会社池田泉州ホールディングス,株式会社池田泉州銀行,池田泉州銀行健康保険組合,大阪府
39,医療法人医誠会,,全国健康保険協会大阪支部,大阪府
40,イッツ・コミュニケーションズ株式会社,,東京西南私鉄連合健康保険組合,東京都
41,伊藤忠エネクス株式会社,,伊藤忠連合健康保険組合,東京都
42,伊藤忠ケミカルフロンティア株式会社,,伊藤忠連合健康保険組合,東京都
43,伊藤忠商事株式会社,,伊藤忠健康保険組合,東京都
44,伊藤忠テクノソリューションズ株式会社,,CTCグループ健康保険組合,東京都
45,株式会社イトーキ,,イトーキ健康保険組合,東京都
46,イビデン株式会社,,イビデン健康保険組合,岐阜県
47,株式会社インテック,,TISインテックグループ健康保険組合,富山県
48,AGC株式会社,,AGC健康保険組合,東京都
49,株式会社HYSエンジニアリングサービス,,日立健康保険組合,東京都
50,AIGジャパン・ホールディングス株式会社,"AIGビジネス・パートナーズ株式会社AIG損害保険株式会社アメリカンホーム医療・損害保険株式会社AIGパートナーズ株式会社テックマークジャパン株式会社AIGハーモニー株式会社",AIG健康保険組合,東京都
51,ANAエアポートサービス株式会社,,ANAグループ健康保険組合,東京都
52,ANA大阪空港株式会社,,ANAグループ健康保険組合,大阪府
No.,認定法人名,左記法人と共に認定された法人名,共同申請保険者,"申請書に記載の本社所在地"
53,ANAホールディングス株式会社,全日本空輸株式会社,全日空運輸健康保険組合,東京都
54,株式会社エス・エム・エス,,東京広告業健康保険組合,東京都
55,SMN株式会社,ソネット・メディア・トレーディング株式会社,ソニー健康保険組合,東京都
56,SMBC日興証券株式会社,,SMBC日興証券グループ健康保険組合,東京都
57,SCSK株式会社,,SCSK健康保険組合,東京都
58,SBアットワーク株式会社,,関東ITソフトウェア健康保険組合,東京都
59,株式会社エスプール,,全国健康保険協会東京支部,東京都
60,エヌ・ティ・ティ・コムウェア株式会社,,エヌ・ティ・ティ健康保険組合,東京都
61,株式会社エヌ・ティ・ティ・データ,,エヌ・ティ・ティ健康保険組合,東京都
62,株式会社NTTデータ・ビジネス・システムズ,,エヌ・ティ・ティ健康保険組合,東京都
63,"エヌ・ティ・ティ・データ・マネジメント・サービス株式会社",,エヌ・ティ・ティ健康保険組合,東京都
64,エヌ・ティ・ティ・ビジネスアソシエ株式会社,,エヌ・ティ・ティ健康保険組合,東京都
65,株式会社NTTビジネスアソシエ東日本,,エヌ・ティ・ティ健康保険組合,東京都
66,"エヌ・ティ・ティ・レンタル・エンジニアリング株式会社",,エヌ・ティ・ティ健康保険組合,東京都
67,株式会社エヌ・ティ・ティエムイー,,エヌ・ティ・ティ健康保険組合,東京都
68,株式会社NTTデータ・フィナンシャルコア,,エヌ・ティ・ティ健康保険組合,東京都
69,株式会社NTTデータMSE,,エヌ・ティ・ティ健康保険組合,神奈川県
70,株式会社エヌ・ティ・ティ・データ関西,,エヌ・ティ・ティ健康保険組合,大阪府
71,株式会社NTTドコモ,ドコモ・ヘルスケア株式会社,エヌ・ティ・ティ健康保険組合,東京都
72,株式会社NTTファシリティーズ,,エヌ・ティ・ティ健康保険組合,東京都
73,株式会社FTS,,トヨタ関連部品健康保険組合,愛知県
74,MS&ADシステムズ株式会社,,三井住友海上健康保険組合,東京都
75,"MS&ADインシュアランスグループホールディングス株式会社",三井住友海上あいおい生命保険株式会社,三井住友海上健康保険組合,東京都
76,エムケー精工株式会社,,長野県機械金属健康保険組合,長野県
77,株式会社エムティーアイ,,通信機器産業健康保険組合,東京都
78,株式会社大分銀行,,大分銀行健康保険組合,大分県
79,大分県信用組合,,全国健康保険協会大分支部,大分県
80,大阪瓦斯株式会社,,大阪瓦斯健康保険組合,大阪府
81,大阪シティ信用金庫,,大阪府信用金庫健康保険組合,大阪府
82,大塚製薬株式会社,,大塚製薬健康保険組合,東京都
83,株式会社大塚製薬工場,,大塚製薬健康保険組合,徳島県
84,大塚ホールディングス株式会社,大塚製薬株式会社,大塚製薬健康保険組合,東京都
85,株式会社オーテックジャパン,,日産自動車健康保険組合,神奈川県
86,株式会社大戸屋ホールディングス,株式会社大戸屋,全国外食産業ジェフ健康保険組合,東京都
87,株式会社オカムラ,,オカムラグループ健康保険組合,神奈川県
88,沖縄セルラー電話株式会社,"沖縄通信ネットワーク株式会社UQモバイル沖縄株式会社沖縄セルラーアグリ&マルシェ株式会社",KDDI健康保険組合,沖縄県
89,沖縄電力株式会社,,沖縄電力健康保険組合,沖縄県
90,小田急電鉄株式会社,,小田急グループ健康保険組合,東京都
91,小野薬品工業株式会社,,小野薬品健康保険組合,大阪府
92,オムロン株式会社,,オムロン健康保険組合,京都府
93,オムロンヘルスケア株式会社,,オムロン健康保険組合,京都府
94,オリンパス株式会社,,オリンパス健康保険組合,東京都
95,花王株式会社,,花王健康保険組合,東京都
96,カゴメ株式会社,"カゴメアクシス株式会社カゴメ物流サービス株式会社",カゴメ健康保険組合,愛知県
97,株式会社カスタマーリレーションテレマーケティング,,全国健康保険協会大阪支部,大阪府
98,神奈川ダイハツ販売株式会社,,神奈川県自動車販売健康保険組合,神奈川県
99,社会福祉法人神奈川やすらぎ会,,全国健康保険協会神奈川支部,神奈川県
100,関西電力株式会社,,関西電力健康保険組合,大阪府
101,株式会社キャタラー,,アイシン健康保険組合,静岡県
102,キヤノン株式会社,,キヤノン健康保険組合,東京都
103,キヤノンITソリューションズ株式会社,,キヤノン健康保険組合,東京都
104,キヤノンマーケティングジャパン株式会社,,キヤノン健康保険組合,東京都
105,九州電力株式会社,,九州電力健康保険組合,福岡県
106,株式会社QTnet,,九州電力健康保険組合,福岡県
107,キユーピー株式会社,,キユーピー・アヲハタ健康保険組合,東京都
108,社会医療法人共愛会,,共愛会健康保険組合,福岡県
109,京三電機株式会社,,デンソー健康保険組合,茨城県
110,株式会社京都環境保全公社,,全国健康保険協会京都支部,京都府
111,一般財団法人京都工場保健会,,全国健康保険協会京都支部,京都府
112,協和キリン株式会社,,協和キリン健康保険組合,東京都
No.,認定法人名,左記法人と共に認定された法人名,共同申請保険者,"申請書に記載の本社所在地"
113,医療法人玉昌会,,全国健康保険協会鹿児島支部,鹿児島県
114,キリンホールディングス株式会社,"キリン株式会社キリンビール株式会社キリンビバレッジ株式会社キリンビバレッジバリューベンダー株式会社メルシャン株式会社協和キリン株式会社",キリンビール健康保険組合,東京都
115,キンコーズ・ジャパン株式会社,,コニカミノルタ健康保険組合,東京都
116,近鉄グループホールディングス株式会社,近畿日本鉄道株式会社,近畿日本鉄道健康保険組合,大阪府
117,株式会社QUICK,,日本経済新聞社健康保険組合,東京都
118,株式会社熊谷組,,全国土木建築国民健康保険組合,東京都
119,株式会社熊平製作所,,全国健康保険協会広島支部,広島県
120,グラクソ・スミスクライン株式会社,"グラクソ・スミスクライン・コンシューマー・ヘルスケア・ジャパン株式会社ヴィーブヘルスケア株式会社",グラクソ・スミスクライン健康保険組合,東京都
121,一般財団法人倉敷成人病センター,,全国健康保険協会岡山支部,岡山県
122,株式会社群馬銀行,,群馬銀行健康保険組合,群馬県
123,株式会社KSK,,東京都情報サービス産業健康保険組合,東京都
124,株式会社KSKテクノサポート,,東京都情報サービス産業健康保険組合,東京都
125,医療法人社団恵心会,,全国健康保険協会京都支部,京都府
126,KDDI株式会社,,KDDI健康保険組合,東京都
127,株式会社KDDI総合研究所,,KDDI健康保険組合,埼玉県
128,株式会社ケーヒン,,ホンダ健康保険組合,東京都
129,医療法人厚生会,,全国健康保険協会大阪支部,大阪府
130,株式会社高知銀行,,高知銀行健康保険組合,高知県
131,株式会社高知電子計算センター,,全国健康保険協会高知支部,高知県
132,株式会社神戸製鋼所,,神戸製鋼所健康保険組合,兵庫県
133,株式会社神戸マツダ,,全国健康保険協会兵庫支部,兵庫県
134,コカ・コーラ ボトラーズジャパン株式会社,,コカ・コーラボトラーズジャパン健康保険組合,東京都
135,国際石油開発帝石株式会社,,帝石健康保険組合,東京都
136,コクヨ株式会社,株式会社カウネット,コクヨ健康保険組合,大阪府
137,株式会社コスモネット,,CNCグループ健康保険組合,京都府
138,コナミホールディングス株式会社,"株式会社コナミデジタルエンタテインメント株式会社コナミアミューズメントコナミビジネスエキスパート株式会社株式会社インターネットレボリューションKonami Gaming, Inc. アジア支店株式会社コナミスポーツライフ",関東ITソフトウェア健康保険組合,東京都
139,コニカミノルタ株式会社,,コニカミノルタ健康保険組合,東京都
140,コニカミノルタウイズユー株式会社,,コニカミノルタ健康保険組合,東京都
141,コニカミノルタジャパン株式会社,,コニカミノルタ健康保険組合,東京都
142,コニカミノルタ情報システム株式会社,,コニカミノルタ健康保険組合,東京都
143,コニカミノルタビジネスアソシエイツ株式会社,,コニカミノルタ健康保険組合,東京都
144,コニカミノルタメカトロニクス株式会社,,コニカミノルタ健康保険組合,愛知県
145,株式会社サイバー・コミュニケーションズ,,関東ITソフトウェア健康保険組合,東京都
146,佐川アドバンス株式会社,,SGホールディングスグループ健康保険組合,東京都
147,佐久間特殊鋼株式会社,,愛鉄連健康保険組合,愛知県
148,サッポロホールディングス株式会社,サッポロビール株式会社,サッポロビール健康保険組合,東京都
149,株式会社サッポロライオン,,サッポロビール健康保険組合,東京都
150,サトーホールディングス株式会社,"株式会社サトーサトーヘルスケア株式会社デザインプロモーション株式会社サトーソリューションアーキテクト株式会社サトーインプレス株式会社サトーマテリアル株式会社サトーインターナショナル株式会社サトープライマリーラベルインターナショナル株式会社",埼玉機械工業健康保険組合,東京都
151,株式会社SUMCO,"TECHXIV株式会社SUMCOテクノロジー株式会社SUMCOサービス株式会社SUMCOサポート株式会社SUMTECサービス株式会社SUMCO保険サービス株式会社",SK健康保険組合,東京都
152,株式会社山陰合同銀行,,山陰合同銀行健康保険組合,島根県
No.,認定法人名,左記法人と共に認定された法人名,共同申請保険者,"申請書に記載の本社所在地"
153,サンケン電気株式会社,"サンケン電気企業年金基金サンケングループ企業年金基金サンケン電気健康保険組合サンケン電気労働組合サンケンビジネスサービス株式会社サンケン電設株式会社サンケンロジスティクス株式会社山形サンケン株式会社",サンケン電気健康保険組合,埼玉県
154,サン電子工業株式会社,,サンヨー連合健康保険組合,大阪府
155,サントリー食品インターナショナル株式会社,"サントリーフーズ株式会社サントリービバレッジソリューション株式会社",サントリー健康保険組合,東京都
156,サントリーホールディングス株式会社,"サントリー酒類株式会社サントリーウエルネス株式会社サントリービジネスシステム株式会社サントリーMONOZUKURIエキスパート株式会社サントリーコミュニケーションズ株式会社サントリーグローバルイノベーションセンター株式会社サントリーBWS株式会社",サントリー健康保険組合,大阪府
157,株式会社ジェイエア,,日本航空健康保険組合,大阪府
158,JXTGホールディングス株式会社,"JXTGエネルギー株式会社JX石油開発株式会社JX金属株式会社",JXTGグループ健康保険組合,東京都
159,JFE商事株式会社,,JFE健康保険組合,東京都
160,株式会社JTB,"株式会社JTBアセットマネジメント株式会社JTBガイアレック株式会社JTBグランドツアー&サービス株式会社JTBグローバルアシスタンス株式会社JTBグローバルマーケティング&トラベル株式会社JTBグローバルマーチャンダイジング&サポート株式会社JTBコミュニケーションデザイン株式会社JTBデータサービス株式会社JTBパブリッシング株式会社JTBビジネスイノベーターズ株式会社JTBビジネストラベルソリューションズ株式会社JTBビジネスネットワーク株式会社JTBプランニングネットワーク株式会社JTBベネフィット株式会社JTBマネジメントサービス株式会社JMC株式会社JTBメディアリテーリング株式会社JTBライフネット株式会社JTB沖縄株式会社JTB京阪トラベル株式会社JTB札幌ビジネスセンター株式会社JTB商事株式会社JTB情報システム株式会社JTB総合研究所株式会社J&Jヒューマンソリューションズ",ジェイティービー健康保険組合,東京都
161,株式会社JTBベネフィット,,ジェイティービー健康保険組合,東京都
162,株式会社ジェイテクト,,ジェイテクト健康保険組合,愛知県
163,株式会社JVCケンウッド,,JVCケンウッド健康保険組合,神奈川県
164,塩野義製薬株式会社,"シオノギ総合サービス株式会社シオノギテクノアドバンスリサーチ株式会社シオノギヘルスケア株式会社シオノギキャリア開発センター株式会社シオノギデジタルサイエンス株式会社シオノギビジネスパートナー株式会社シオノギファーマコビジランスセンター株式会社シオノギマーケティングソリューションズ株式会社シオノギファーマ株式会社シオノギスマイルハート株式会社",塩野義健康保険組合,大阪府
165,株式会社四国銀行,,四国銀行健康保険組合,高知県
166,シスメックス株式会社,,近畿電子産業健康保険組合,兵庫県
No.,認定法人名,左記法人と共に認定された法人名,共同申請保険者,"申請書に記載の本社所在地"
167,株式会社資生堂,"KODOMOLOGY株式会社株式会社ピエール ファーブル ジャポン資生堂アステック株式会社株式会社イプサ株式会社エテュセ株式会社エトバス株式会社エフティ資生堂株式会社ザ・ギンザ株式会社資生堂パーラー資生堂プロフェッショナル株式会社ベアエッセンシャル株式会社花椿ファクトリー株式会社資生堂AG株式会社資生堂ジャパン株式会社学校法人資生堂学園資生堂企業年金基金資生堂健康保険組合公益財団法人資生堂社会福祉事業財団資生堂美容室株式会社資生堂薬品株式会社",資生堂健康保険組合,東京都
168,株式会社七十七銀行,,七十七銀行健康保険組合,宮城県
169,株式会社島忠,,関東百貨店健康保険組合,埼玉県
170,株式会社島津製作所,,島津製作所健康保険組合,京都府
171,シミックホールディングス株式会社,"シミック株式会社シミック・シフトゼロ株式会社シミックファーマサイエンス株式会社シミックキャリア株式会社シミックCMO株式会社シミックCMO西根株式会社シミック・アッシュフィールド株式会社シミックヘルスケア・インスティテュート株式会社株式会社オーファンパシフィック",シミックグループ健康保険組合,東京都
172,株式会社ジャックス,,ジャックス健康保険組合,東京都
173,ジヤトコ株式会社,,日産自動車健康保険組合,静岡県
174,ジヤトコエンジニアリング株式会社,,日産自動車健康保険組合,静岡県
175,株式会社ジャパネットホールディングス,"株式会社ジャパネットたかた株式会社ジャパネットメディアクリエーション株式会社ジャパネットサービスイノベーション株式会社ジャパネットコミュニケーションズ株式会社ジャパネットロジスティクスサービス株式会社V・ファーレン長崎株式会社リージョナルクリエーション長崎",全国健康保険協会東京支部,長崎県
176,ジャパン マリンユナイテッド株式会社,,JFE健康保険組合,神奈川県
177,株式会社JALエンジニアリング,,日本航空健康保険組合,東京都
178,株式会社JALサンライト,,日本航空健康保険組合,東京都
179,株式会社JALスカイ,,日本航空健康保険組合,東京都
180,株式会社ジャルセールス,,日本航空健康保険組合,東京都
181,株式会社JALUX,,日本航空健康保険組合,東京都
182,株式会社JALナビア,,日本航空健康保険組合,東京都
183,株式会社ジャルパック,,日本航空健康保険組合,東京都
184,株式会社ジュピターテレコム,"株式会社ジェイコム札幌株式会社ジェイコム埼玉・東日本土浦ケーブルテレビ株式会社株式会社ジェイコム千葉株式会社ジェイコム東京株式会社ジェイコム湘南・神奈川株式会社ジェイコムウエスト株式会社ケーブルネット下関株式会社ジェイコム九州株式会社ジェイコムハート",住商連合健康保険組合,東京都
185,一般財団法人淳風会,,全国健康保険協会岡山支部,岡山県
186,株式会社商船三井,,商船三井健康保険組合,東京都
187,ジョンソン・エンド・ジョンソン株式会社,"ヤンセンファーマ株式会社エイエムオージャパン株式会社",ジョンソン・エンド・ジョンソングループ健康保険組合,東京都
188,株式会社神鋼エンジニアリング&メンテナンス,,神戸製鋼所健康保険組合,兵庫県
189,信州ハム株式会社,,全国健康保険協会長野支部,長野県
190,医療法人新生会,,全国健康保険協会奈良支部,奈良県
191,新東工業株式会社,,新東工業健康保険組合,愛知県
192,株式会社新日本科学,SNBL Nature株式会社,東京薬業健康保険組合,鹿児島県
No.,認定法人名,左記法人と共に認定された法人名,共同申請保険者,"申請書に記載の本社所在地"
193,新日本無線株式会社,,日本無線健康保険組合,東京都
194,シンポー情報システム株式会社,,KTグループ健康保険組合,神奈川県
195,株式会社スズキ自販茨城,,スズキ健康保険組合,茨城県
196,鈴与商事株式会社,,鈴与健康保険組合,静岡県
197,住友化学株式会社,,住友化学健康保険組合,東京都
198,住友ゴム工業株式会社,,住友ゴム工業健康保険組合,兵庫県
199,住友商事株式会社,,住友商事健康保険組合,東京都
200,住友生命保険相互会社,,住友生命健康保険組合,大阪府
201,住友電気工業株式会社,,住友電気工業健康保険組合,大阪府
202,住友電工焼結合金株式会社,,全国健康保険協会岡山支部,岡山県
203,一般財団法人住友病院,,三井住友銀行健康保険組合,大阪府
204,住友理工株式会社,,住友理工健康保険組合,愛知県
205,スリーエムジャパン株式会社,スリーエム ジャパン プロダクツ株式会社,スリーエムジャパン健康保険組合,東京都
206,セイコーエプソン株式会社,,エプソン健康保険組合,長野県
207,積水化学工業株式会社,"セキスイハイム東北株式会社セキスイファミエス東北株式会社東北セキスイハイム不動産株式会社セキスイハイム九州株式会社セキスイファミエス九州株式会社九州セキスイハイム工業株式会社九州セキスイハイム不動産株式会社西日本積水工業株式会社積水ヒノマル株式会社積水メディカル株式会社東京セキスイハイム株式会社東京セキスイファミエス株式会社セキスイハイム中四国株式会社セキスイファミエス中四国株式会社中四国セキスイハイム工業株式会社中四国セキスイハイム不動産株式会社セキスイハイム中部株式会社セキスイファミエス中部株式会社九州積水工業株式会社北海道セキスイハイム工業株式会社セキスイハイム近畿株式会社セキスイファミエス近畿株式会社四国積水工業株式会社積水武蔵化工株式会社積水成型工業株式会社",セキスイ健康保険組合,大阪府
208,積水ハウス株式会社,,セキスイ健康保険組合,大阪府
209,セコム医療システム株式会社,,セコム健康保険組合,東京都
210,Zホールディングス株式会社,ヤフー株式会社,YG健康保険組合,東京都
211,株式会社セディナ,,セディナ健康保険組合,東京都
212,株式会社セブン&アイ・ホールディングス,"株式会社セブン-イレブン・ジャパン株式会社そごう・西武株式会社セブン&アイ・フードシステムズ株式会社ヨークベニマル株式会社ヨークマート",セブン&アイ・ホールディングス健康保険組合,東京都
213,センコーグループホールディングス株式会社,センコー株式会社,センコー健康保険組合,東京都
214,千寿製薬株式会社,,大阪薬業健康保険組合,大阪府
215,セントラルスポーツ株式会社,,セントラルスポーツ健康保険組合,東京都
216,一般財団法人全日本労働福祉協会,,全国健康保険協会東京支部,東京都
217,総合メディカルホールディングス株式会社,総合メディカル株式会社,東京薬業健康保険組合,福岡県
218,双日株式会社,,双日健康保険組合,東京都
219,株式会社SOKEN,,デンソー健康保険組合,愛知県
220,ソフトバンク株式会社,,関東ITソフトウェア健康保険組合,東京都
221,損害保険ジャパン日本興亜株式会社,,安田日本興亜健康保険組合,東京都
222,SOMPOコミュニケーションズ株式会社,,安田日本興亜健康保険組合,東京都
223,"損保ジャパン日本興亜キャリアビューロー株式会社",,安田日本興亜健康保険組合,東京都
224,損保ジャパン日本興亜保険サービス株式会社,,安田日本興亜健康保険組合,東京都
225,SOMPOひまわり生命保険株式会社,,安田日本興亜健康保険組合,東京都
226,SOMPOヘルスサポート株式会社,,安田日本興亜健康保険組合,東京都
227,SOMPOホールディングス株式会社,"損保ジャパン日本興亜株式会社SOMPOひまわり生命株式会社",安田日本興亜健康保険組合,東京都
No.,認定法人名,左記法人と共に認定された法人名,共同申請保険者,"申請書に記載の本社所在地"
228,第一工業製薬株式会社,"京都エレックス株式会社第一セラモ株式会社第一建工株式会社ゲンブ株式会社池田薬草株式会社",全国健康保険協会京都支部,京都府
229,第一三共株式会社,,第一三共グループ健康保険組合,東京都
230,第一生命ホールディングス株式会社,"第一生命保険株式会社第一フロンティア生命保険株式会社ネオファースト生命保険株式会社株式会社QOLead株式会社第一生命経済研究所第一生命情報システム株式会社",第一生命健康保険組合,東京都
231,大旺新洋株式会社,,全国土木建築国民健康保険組合,高知県
232,大王製紙株式会社,,大王製紙健康保険組合,東京都
233,株式会社第四銀行,,第四銀行健康保険組合,新潟県
234,大樹生命保険株式会社,,三井健康保険組合,東京都
235,社会医療法人大真会,,オークマ健康保険組合,愛知県
236,株式会社ダイセル,,ダイセル健康保険組合,大阪府
237,大同生命保険株式会社,,大同生命健康保険組合,東京都
238,大同特殊鋼株式会社,,大同特殊鋼健康保険組合,愛知県
239,大日本住友製薬株式会社,DSPビジネスパートナーズ株式会社,大日本住友製薬健康保険組合,大阪府
240,株式会社ダイフク,,ダイフク健康保険組合,大阪府
241,大豊工業株式会社,,トヨタ関連部品健康保険組合,愛知県
242,太陽生命保険株式会社,,太陽生命健康保険組合,東京都
243,株式会社大和証券グループ本社,"大和証券株式会社大和証券投資信託委託株式会社株式会社大和総研ホールディングス株式会社大和総研株式会社大和総研ビジネス・イノベーションDIRインフォメーションシステムズ株式会社株式会社大和証券ビジネスセンター大和プロパティ株式会社株式会社大和ファンド・コンサルティング大和リアル・エステート・アセット・マネジメント株式会社大和インベスター・リレーションズ株式会社大和オフィスサービス株式会社株式会社大和インベストメント・マネジメント株式会社大和ネクスト銀行",大和証券グループ健康保険組合,東京都
244,株式会社タウ,,自動車振興会健康保険組合,埼玉県
245,株式会社滝澤鉄工所,,全国健康保険協会岡山支部,岡山県
246,株式会社竹内製作所,,長野県機械金属健康保険組合,長野県
247,田辺三菱製薬株式会社,"田辺三菱製薬工場株式会社吉富薬品株式会社田辺三菱プロビジョン株式会社田辺パルムサービス株式会社田辺製薬吉城工場株式会社",田辺三菱製薬健康保険組合,大阪府
248,株式会社千葉マツダ,,千葉県自動車販売整備健康保険組合,千葉県
249,株式会社中国銀行,,中国銀行健康保険組合,岡山県
250,株式会社中部プラントサービス,,中部電力健康保険組合,愛知県
251,都築電気株式会社,,電設工業健康保険組合,東京都
252,TIS株式会社,,TISインテックグループ健康保険組合,東京都
253,株式会社ディー・エヌ・エー,"株式会社DeNAライフサイエンスDeSCヘルスケア株式会社株式会社モバオク株式会社PFDeNA",関東ITソフトウェア健康保険組合,東京都
254,DIC株式会社,DICグラフィックス株式会社,DIC健康保険組合,東京都
255,株式会社ティーガイア,,住商連合健康保険組合,東京都
256,ティーペック株式会社,,外国運輸金融健康保険組合,東京都
257,帝人株式会社,"帝人ファーマ株式会社帝人フロンティア株式会社インフォコム株式会社",帝人グループ健康保険組合,東京都
258,株式会社ディスコ,,ディスコ健康保険組合,東京都
259,テクノエイト株式会社,,トヨタ関連部品健康保険組合,愛知県
260,株式会社デサント,,デサント健康保険組合,大阪府
261,株式会社テプコシステムズ,,東京都情報サービス産業健康保険組合,東京都
262,テルモ株式会社,,テルモ健康保険組合,東京都
263,社会福祉法人天神会,,全国健康保険協会岡山支部,岡山県
264,株式会社デンソー,"デンソー健康保険組合デンソー企業年金基金",デンソー健康保険組合,愛知県
No.,認定法人名,左記法人と共に認定された法人名,共同申請保険者,"申請書に記載の本社所在地"
265,株式会社デンソーITソリューションズ,,デンソー健康保険組合,愛知県
266,株式会社デンソー岩手,,デンソー健康保険組合,岩手県
267,株式会社デンソーエアクール,,デンソー健康保険組合,長野県
268,株式会社デンソーFA山形,,デンソー健康保険組合,山形県
269,株式会社デンソー九州,,デンソー健康保険組合,福岡県
270,株式会社デンソーソリューション,,デンソー健康保険組合,東京都
271,株式会社デンソーテン,,デンソー健康保険組合,兵庫県
272,株式会社デンソーファシリティーズ,,デンソー健康保険組合,愛知県
273,株式会社デンソー北海道,,デンソー健康保険組合,北海道
274,東亞合成株式会社,,東亞合成健康保険組合,東京都
275,株式会社東海理化電機製作所,,トヨタ関連部品健康保険組合,愛知県
276,東海旅客鉄道株式会社,,ジェイアールグループ健康保険組合,愛知県
277,東急株式会社,東急電鉄株式会社,東京西南私鉄連合健康保険組合,東京都
278,株式会社東急コミュニティー,,東京西南私鉄連合健康保険組合,東京都
279,東急不動産株式会社,,東京西南私鉄連合健康保険組合,東京都
280,東急不動産ホールディングス株式会社,東急不動産株式会社,東京西南私鉄連合健康保険組合,東京都
281,東京エレクトロン株式会社,"東京エレクトロンテクノロジーソリューションズ株式会社東京エレクトロン九州株式会社東京エレクトロン宮城株式会社東京エレクトロンFE株式会社東京エレクトロンBP株式会社東京エレクトロンエージェンシー株式会社",東京エレクトロン健康保険組合,東京都
282,東京オート株式会社,,全国健康保険協会栃木支部,栃木県
283,東京海上日動あんしん生命保険株式会社,,東京海上日動健康保険組合,東京都
284,東京海上日動システムズ株式会社,,東京海上日動健康保険組合,東京都
285,東京海上日動メディカルサービス株式会社,,東京海上日動健康保険組合,東京都
286,東京海上日動リスクコンサルティング株式会社,,東京海上日動健康保険組合,東京都
287,東京海上ホールディングス株式会社,東京海上日動火災保険株式会社,東京海上日動健康保険組合,東京都
288,東京瓦斯株式会社,,東京瓦斯健康保険組合,東京都
289,東京地下鉄株式会社,,東京地下鉄健康保険組合,東京都
290,東京不動産管理株式会社,,安田日本興亜健康保険組合,東京都
291,東京薬業健康保険組合,,東京薬業健康保険組合,東京都
292,東芝ライテック株式会社,,東芝健康保険組合,神奈川県
293,社会医療法人財団董仙会,,全国健康保険協会石川支部,石川県
294,東邦瓦斯株式会社,,東邦ガス健康保険組合,愛知県
295,株式会社東邦銀行,,東邦銀行健康保険組合,福島県
296,株式会社東北銀行,,東北銀行健康保険組合,岩手県
297,東北電力株式会社,,東北電力健康保険組合,宮城県
298,東洋インキSCホールディングス株式会社,"東洋インキ株式会社トーヨーケム株式会社トーヨーカラー株式会社東洋インキ北海道株式会社東洋インキ東北株式会社東洋インキ中四国株式会社東洋インキ九州株式会社東洋アドレ株式会社東洋モートン株式会社東洋FPP株式会社東洋インキグラフィックス株式会社東洋インキグラフィックス西日本株式会社東洋インキエンジニアリング株式会社東洋ビーネット株式会社東洋マネジメントサービス株式会社",トッパングループ健康保険組合,東京都
299,東洋製罐グループホールディングス株式会社,東洋製罐株式会社,東洋製罐健康保険組合,東京都
300,東洋テック株式会社,,大阪府貨物運送健康保険組合,大阪府
301,株式会社TOKAIホールディングス,"株式会社TOKAI株式会社TOKAIコミュニケーションズ東海ガス株式会社株式会社TOKAIケーブルネットワーク株式会社TOKAIマネジメントサービス株式会社トコちゃんねる静岡株式会社エナジーライン株式会社TOKAIホームガス",静岡県石油健康保険組合,静岡県
302,トーテックアメニティ株式会社,,愛知県情報サービス産業健康保険組合,愛知県
303,TOTO株式会社,,TOTO健康保険組合,福岡県
No.,認定法人名,左記法人と共に認定された法人名,共同申請保険者,"申請書に記載の本社所在地"
304,株式会社トーホー,"株式会社トーホーフードサービス株式会社トーホーキャッシュアンドキャリー株式会社トーホーストア株式会社トーホービジネスサービス",全国健康保険協会兵庫支部,兵庫県
305,TOYO TIRE株式会社,,TOYO TIRE健康保険組合,兵庫県
306,ドコモ・システムズ株式会社,,東京都情報サービス産業健康保険組合,東京都
307,株式会社ドコモCS,,エヌ・ティ・ティ健康保険組合,東京都
308,株式会社ドコモCS北陸,,エヌ・ティ・ティ健康保険組合,石川県
309,ドコモ・テクノロジ株式会社,,エヌ・ティ・ティ健康保険組合,東京都
310,図書印刷株式会社,,トッパングループ健康保険組合,東京都
311,戸田建設株式会社,,全国土木建築国民健康保険組合,東京都
312,栃木トヨタ自動車株式会社,,全国健康保険協会栃木支部,栃木県
313,トッパン・フォームズ株式会社,,トッパングループ健康保険組合,東京都
314,凸版印刷株式会社,,トッパングループ健康保険組合,東京都
315,トヨタエルアンドエフ神奈川株式会社,,KTグループ健康保険組合,神奈川県
316,トヨタカローラ鹿児島株式会社,,全国健康保険協会鹿児島支部,鹿児島県
317,トヨタカローラ奈良株式会社,,全国健康保険協会奈良支部,奈良県
318,株式会社トヨタシステムズ,,トヨタ販売連合健康保険組合,愛知県
319,トヨタ自動車株式会社,,トヨタ自動車健康保険組合,愛知県
320,トヨタ自動車北海道株式会社,,トヨタ自動車健康保険組合,北海道
321,株式会社豊田自動織機,,豊田自動織機健康保険組合,愛知県
322,トヨタ車体株式会社,,トヨタ車体健康保険組合,愛知県
323,トヨタ生活協同組合,,トヨタ自動車健康保険組合,愛知県
324,トヨタテクニカルディベロップメント株式会社,,トヨタ自動車健康保険組合,愛知県
325,豊田鉄工株式会社,,トヨタ関連部品健康保険組合,愛知県
326,トヨタファイナンス株式会社,,トヨタ販売連合健康保険組合,愛知県
327,トヨタ部品愛知共販株式会社,,トヨタ販売連合健康保険組合,愛知県
328,株式会社トヨタプロダクションエンジニアリング,,トヨタ自動車健康保険組合,福岡県
329,株式会社豊通シスコム,,豊田通商健康保険組合,愛知県
330,ナーシングヘルスケア株式会社,,全国健康保険協会大阪支部,大阪府
331,長野信用金庫,,甲信越しんきん健康保険組合,長野県
332,奈良トヨタ自動車株式会社,株式会社奈良トヨタサービスセンター,全国健康保険協会奈良支部,奈良県
333,南国殖産株式会社,,全国健康保険協会鹿児島支部,鹿児島県
334,株式会社南都銀行,,南都銀行健康保険組合,奈良県
335,西松建設株式会社,,全国土木建築国民健康保険組合,東京都
336,株式会社ニチレイ,"株式会社ニチレイフーズ株式会社ニチレイフレッシュ株式会社ニチレイロジグループ本社株式会社ニチレイバイオサイエンス株式会社ニチレイ・ロジスティクス北海道株式会社ニチレイ・ロジスティクス東北株式会社ニチレイ・ロジスティクス関東株式会社キョクレイ株式会社ニチレイ・ロジスティクス東海株式会社ニチレイ・ロジスティクス関西株式会社ニチレイ・ロジスティクス中四国株式会社ニチレイ・ロジスティクス九州株式会社NKトランス株式会社ロジスティクス・ネットワーク株式会社ニューハウジング株式会社ニチレイ・ロジスティクスエンジニアリング株式会社ニチレイアウラ",ニチレイ健康保険組合,東京都
337,日和サービス株式会社,,日立健康保険組合,茨城県
338,日産化学株式会社,,日産化学健康保険組合,東京都
339,日産自動車株式会社,,日産自動車健康保険組合,神奈川県
340,日産自動車九州株式会社,,日産自動車健康保険組合,福岡県
341,日産自動車健康保険組合,,日産自動車健康保険組合,神奈川県
342,日産自動車販売株式会社,,自動車振興会健康保険組合,東京都
343,日産車体株式会社,,日産自動車健康保険組合,神奈川県
344,日産車体九州株式会社,,日産自動車健康保険組合,福岡県
345,日清食品ホールディングス株式会社,"日清食品株式会社日清食品冷凍株式会社日清食品チルド株式会社",全国健康保険協会東京支部,大阪府
346,株式会社日水コン,,全国設計事務所健康保険組合,東京都
347,ニッタ株式会社,,全国健康保険協会奈良支部,大阪府
348,日通システム株式会社,,全国健康保険協会愛知支部,東京都
349,日鉄興和不動産株式会社,,みずほ健康保険組合,東京都
No.,認定法人名,左記法人と共に認定された法人名,共同申請保険者,"申請書に記載の本社所在地"
350,日本碍子株式会社,,日本ガイシ健康保険組合,愛知県
351,日本水産株式会社,,日本水産健康保険組合,東京都
352,日本精工株式会社,NSKステアリングシステムズ株式会社,日本精工健康保険組合,東京都
353,日本特殊陶業株式会社,,日本特殊陶業健康保険組合,愛知県
354,日本発條株式会社,,日本発条健康保険組合,神奈川県
355,ニッポン高度紙工業株式会社,,全国健康保険協会高知支部,高知県
356,日本医学株式会社,,全国健康保険協会大阪支部,大阪府
357,一般財団法人日本健康増進財団,,全国健康保険協会東京支部,東京都
358,日本工営株式会社,,日本工営健康保険組合,東京都
359,日本航空株式会社,,日本航空健康保険組合,東京都
360,日本国土開発株式会社,,日本国土開発健康保険組合,東京都
361,日本生命保険相互会社,,日本生命健康保険組合,大阪府
362,日本曹達株式会社,,日曹健康保険組合,東京都
363,日本たばこ産業株式会社,,ジェイティ健康保険組合,東京都
364,日本トランスオーシャン航空株式会社,,日本航空健康保険組合,沖縄県
365,株式会社ニュー・オータニ,,ニューオータニ健康保険組合,東京都
366,株式会社ネクスコ東日本エンジニアリング,,全国設計事務所健康保険組合,東京都
367,ネッツトヨタ埼玉株式会社,,勝又健康保険組合,埼玉県
368,ネッツトヨタ仙台株式会社,,トヨタ販売連合健康保険組合,宮城県
369,株式会社ノーリツ,,ノーリツ健康保険組合,兵庫県
370,野村アセットマネジメント株式会社,,野村證券健康保険組合,東京都
371,株式会社野村総合研究所,,野村證券健康保険組合,東京都
372,野村不動産アーバンネット株式会社,,野村證券健康保険組合,東京都
373,野村不動産ホールディングス株式会社,"野村不動産株式会社野村不動産投資顧問株式会社",野村證券健康保険組合,東京都
374,野村ホールディングス株式会社,野村證券株式会社,野村證券健康保険組合,東京都
375,医療法人はぁとふる,,全国健康保険協会大阪支部,大阪府
376,ハウスウェルネスフーズ株式会社,,全国健康保険協会兵庫支部,兵庫県
377,特定医療法人財団博愛会,,全国健康保険協会福岡支部,福岡県
378,医療法人博俊会,,全国健康保険協会福井支部,福井県
379,伯東株式会社,,東京機器健康保険組合,東京都
380,株式会社長谷工コーポレーション,"株式会社長谷工アネシス株式会社長谷工管理ホールディングス株式会社長谷工コミュニティ株式会社長谷工リフォーム株式会社長谷工ライブネット株式会社長谷工ビジネスプロクシー株式会社長谷工アーベスト株式会社長谷工リアルエステート株式会社長谷工ウェルセンター",長谷工健康保険組合,東京都
381,株式会社パソナグループ,株式会社パソナ,全国健康保険協会東京支部,東京都
382,パナソニック カーエレクトロニクス株式会社,,パナソニック健康保険組合,東京都
383,パナソニック サイクルテック株式会社,,パナソニック健康保険組合,大阪府
384,浜松ホトニクス株式会社,,ホトニクス・グループ健康保険組合,静岡県
385,医療法人原土井病院,,全国健康保険協会福岡支部,福岡県
386,阪神電気鉄道株式会社,,阪急阪神健康保険組合,大阪府
387,PHC株式会社,,PHC健康保険組合,東京都
388,株式会社ピーエスシー,,関東ITソフトウェア健康保険組合,東京都
389,東日本電信電話株式会社,,エヌ・ティ・ティ健康保険組合,東京都
390,株式会社肥後銀行,,肥後銀行健康保険組合,熊本県
391,株式会社日立建機ティエラ,,日立健康保険組合,滋賀県
392,株式会社日立国際電気,,日立健康保険組合,東京都
393,株式会社日立産業制御ソリューションズ,,日立健康保険組合,茨城県
394,株式会社日立システムズ,,日立健康保険組合,東京都
395,株式会社日立ソリューションズ・テクノロジー,,日立健康保険組合,東京都
396,株式会社日立保険サービス,,日立健康保険組合,東京都
397,株式会社ビックカメラ,,ビックカメラ健康保険組合,東京都
398,株式会社百五銀行,,百五銀行健康保険組合,三重県
399,株式会社百十四銀行,,百十四銀行健康保険組合,香川県
400,株式会社ヒューマネージ,,関東ITソフトウェア健康保険組合,東京都
401,兵庫ダイハツ販売株式会社,,兵庫自動車販売店健康保険組合,兵庫県
402,兵庫トヨタ自動車株式会社,,兵庫トヨタ自動車健康保険組合,兵庫県
403,株式会社広島銀行,,広島銀行健康保険組合,広島県
404,株式会社ファミリーマート,,伊藤忠連合健康保険組合,東京都
405,株式会社ファンケル,,神奈川県食品製造健康保険組合,神奈川県
406,株式会社フィリップス・ジャパン,,フィリップス・ジャパン健康保険組合,東京都
407,株式会社FiNC Technologies,,関東ITソフトウェア健康保険組合,東京都
No.,認定法人名,左記法人と共に認定された法人名,共同申請保険者,"申請書に記載の本社所在地"
408,株式会社Phone Appli,,関東ITソフトウェア健康保険組合,東京都
409,福岡トヨペット株式会社,,トヨタ販売連合健康保険組合,福岡県
410,福島スバル自動車株式会社,,全国健康保険協会福島支部,福島県
411,富国生命保険相互会社,,富国生命健康保険組合,東京都
412,株式会社フジサニーフーズ,,伊藤忠連合健康保険組合,大阪府
413,フジ住宅株式会社,フジ・アメニティサービス株式会社,大阪府建築健康保険組合,大阪府
414,不二製油グループ本社株式会社,不二製油株式会社,伊藤忠連合健康保険組合,大阪府
415,富士ゼロックスマニュファクチュアリング株式会社,,富士フイルムグループ健康保険組合,神奈川県
416,富士通株式会社,,富士通健康保険組合,東京都
417,株式会社富士通ソフトウェアテクノロジーズ,,富士通健康保険組合,神奈川県
418,富士テレコム株式会社,,関東ITソフトウェア健康保険組合,東京都
419,富士フイルムホールディングス株式会社,"富士フイルム株式会社富士ゼロックス株式会社",富士フイルムグループ健康保険組合,東京都
420,一般財団法人芙蓉協会,,聖隷健康保険組合,静岡県
421,株式会社プライムアシスタンス,,安田日本興亜健康保険組合,東京都
422,ブラザー工業株式会社,,ブラザー健康保険組合,愛知県
423,ブリヂストンスポーツ株式会社,,ブリヂストン健康保険組合,東京都
424,古河電気工業株式会社,"古河ファイナンスアンドビジネスサポート株式会社古河電工健康保険組合",古河電工健康保険組合,東京都
425,"プルデンシャル ジブラルタ ファイナンシャル生命保険株式会社",,ジブラルタ健康保険組合,東京都
426,古野電気株式会社,,古野電気健康保険組合,兵庫県
427,株式会社ベイカレント・コンサルティング,,関東ITソフトウェア健康保険組合,東京都
428,株式会社ベネフィット・ワン,,全国健康保険協会東京支部,東京都
429,株式会社ベンチャーバンクホールディングス,"株式会社ベンチャーバンク株式会社FEEL CONNECTION",ベンチャーバンク健康保険組合,東京都
430,株式会社法研,,出版健康保険組合,東京都
431,株式会社北越銀行,,北越銀行健康保険組合,新潟県
432,株式会社北陸銀行,,北陸銀行健康保険組合,富山県
433,株式会社北海道銀行,,北海道銀行健康保険組合,北海道
434,北海道電力株式会社,,北海道電力健康保険組合,北海道
435,公益財団法人北海道労働保健管理協会,,全国健康保険協会北海道支部,北海道
436,ポッカサッポロフード&ビバレッジ株式会社,,サッポロビール健康保険組合,東京都
437,ポラス株式会社,"ポラテック株式会社株式会社中央ビル管理中央グリーン開発株式会社第一エネルギー設備株式会社株式会社住宅資材センターポラスガーデンヒルズ株式会社住宅品質保証株式会社ポラスタウン開発株式会社ポラスマイホームプラザ株式会社株式会社ポラス暮し科学研究所ポラスグランテック株式会社グローバルホーム株式会社株式会社ポラスのリフォームジバテック株式会社株式会社ポラスアルファポラスオーナーズ株式会社株式会社オガワ総業エコロジーポラスハウジング協同組合ポラスハウジング千葉株式会社職業訓練法人ポラス建築技術振興会ポラスシェアード株式会社ポラテック富士株式会社ポラテック東北株式会社",東京不動産業健康保険組合,埼玉県
438,株式会社堀場製作所,"株式会社堀場エステック株式会社堀場テクノサービス株式会社堀場アドバンスドテクノ株式会社ホリバコミュニティ堀場製作所健康保険組合",堀場製作所健康保険組合,京都府
439,ホロニクスヘルスケア株式会社,,全国健康保険協会大阪支部,大阪府
440,株式会社ホンダカーズ中央佐賀,,全国健康保険協会佐賀支部,佐賀県
441,株式会社ホンダカーズ兵庫,,ホンダ健康保険組合,兵庫県
442,株式会社ホンダカーズ福島,,ホンダ健康保険組合,福島県
443,株式会社ホンダ四輪販売丸順,,岐阜県自動車販売健康保険組合,岐阜県
No.,認定法人名,左記法人と共に認定された法人名,共同申請保険者,"申請書に記載の本社所在地"
444,株式会社丸井グループ,"株式会社丸井株式会社エポスカード株式会社エイムクリエイツ株式会社ムービング株式会社エムアンドシーシステム株式会社マルイファシリティーズ株式会社マルイホームサービス株式会社エムアールアイ債権回収",丸井健康保険組合,東京都
445,マルハニチロ株式会社,,マルハニチロ健康保険組合,東京都
446,丸紅株式会社,,丸紅健康保険組合,東京都
447,株式会社丸山自動車,紫竹山自動車株式会社,全国健康保険協会新潟支部,新潟県
448,ミサワホーム株式会社,,ミサワホーム健康保険組合,東京都
449,美津濃株式会社,,全国健康保険協会大阪支部,大阪府
450,株式会社みずほフィナンシャルグループ,"株式会社みずほ銀行みずほ信託銀行株式会社みずほ証券株式会社みずほ情報総研株式会社",みずほ健康保険組合,東京都
451,三井化学株式会社,,三井化学健康保険組合,東京都
452,三井住友海上あいおい生命保険株式会社,,三井住友海上健康保険組合,東京都
453,三井住友トラスト・ホールディングス株式会社,三井住友信託銀行株式会社,三井住友トラスト・グループ健康保険組合,東京都
454,三井ダイレクト損害保険株式会社,,三井住友海上健康保険組合,東京都
455,三井物産株式会社,,三井物産健康保険組合,東京都
456,三井不動産株式会社,,三井健康保険組合,東京都
457,株式会社ミツウロコグループホールディングス,"株式会社ミツウロコ株式会社ミツウロコヴェッセル株式会社ミツウロコヴェッセル東北株式会社ミツウロコヴェッセル中部株式会社ミツウロコヴェッセル関西株式会社山梨ミツウロコ北海道ミツウロコ株式会社ミツウロコグリーンエネルギー株式会社株式会社ミツウロコクリエイティブソリューションズ株式会社ミツウロコエナジーフォース株式会社ミツウロコリース株式会社三鱗株式会社トライフォース",ミツウロコ健康保険組合,東京都
458,三菱商事株式会社,,三菱商事健康保険組合,東京都
459,三菱電機株式会社,,三菱電機健康保険組合,東京都
460,水戸ヤクルト販売株式会社,,ヤクルト健康保険組合,茨城県
461,株式会社宮崎銀行,,宮崎銀行健康保険組合,宮崎県
462,株式会社村田製作所,,村田製作所健康保険組合,京都府
463,明治ホールディングス株式会社,"株式会社明治Meiji Seika ファルマ株式会社",明治グループ健康保険組合,東京都
464,明治安田システム・テクノロジー株式会社,,明治安田生命健康保険組合,東京都
465,明治安田生命保険相互会社,,明治安田生命健康保険組合,東京都
466,株式会社メイワパックス,,全国健康保険協会大阪支部,大阪府
467,株式会社メディヴァ,,亀田総合病院健康保険組合,東京都
468,株式会社モリタ,,大阪薬業健康保険組合,大阪府
469,森永製菓株式会社,,森永健康保険組合,東京都
470,株式会社ヤオコー,,デパート健康保険組合,埼玉県
471,株式会社ヤクルト本社,,ヤクルト健康保険組合,東京都
472,八洲電機株式会社,,電設工業健康保険組合,東京都
473,八千代エンジニヤリング株式会社,,全国土木建築国民健康保険組合,東京都
474,ヤマハ株式会社,,ヤマハ健康保険組合,静岡県
475,株式会社ヤマハコーポレートサービス,,ヤマハ健康保険組合,静岡県
476,豊精密工業株式会社,,トヨタ関連部品健康保険組合,愛知県
477,ユニ・チャーム株式会社,,東京実業健康保険組合,東京都
478,医療法人社団洋和会,,全国健康保険協会石川支部,石川県
479,横河レンタ・リース株式会社,,横河電機健康保険組合,東京都
480,株式会社横浜銀行,,横浜銀行健康保険組合,神奈川県
481,株式会社ヨネイ,,ダイヤ連合健康保険組合,東京都
482,ライオン株式会社,,ライオン健康保険組合,東京都
483,"株式会社LAVA International",,ベンチャーバンク健康保険組合,東京都
484,株式会社リコー,,リコー三愛グループ健康保険組合,東京都
485,リコーITソリューションズ株式会社,,リコー三愛グループ健康保険組合,神奈川県
486,リコージャパン株式会社,,リコー三愛グループ健康保険組合,東京都
487,リコーテクノロジーズ株式会社,,リコー三愛グループ健康保険組合,神奈川県
488,リコーリース株式会社,,リコー三愛グループ健康保険組合,東京都
No.,認定法人名,左記法人と共に認定された法人名,共同申請保険者,"申請書に記載の本社所在地"
489,リソルホールディングス株式会社,"リソル株式会社リソルホテル株式会社リソルゴルフ株式会社リソルライフサポート株式会社リソルシード株式会社リソル再生エネルギー株式会社リソルアールアンドエス株式会社",関東ITソフトウェア健康保険組合,東京都
490,両備ホールディングス株式会社,,全国健康保険協会岡山支部,岡山県
491,リンナイ株式会社,,リンナイ健康保険組合,愛知県
492,株式会社ルネサンス,,DIC健康保険組合,東京都
493,株式会社レオパレス21,,東京不動産業健康保険組合,東京都
494,レンテック大敬株式会社,,全国健康保険協会愛知支部,愛知県
495,株式会社ローソン,,ローソン健康保険組合,東京都
496,ローム株式会社,,全国健康保険協会京都支部,京都府
497,YKK株式会社,,YKK健康保険組合,東京都
498,YKK AP株式会社,,YKK健康保険組合,東京都
499,YKKビジネスサポート株式会社,,YKK健康保険組合,富山県
500,株式会社ワコールホールディングス,株式会社ワコール,ワコール健康保険組合,京都府
